AAPL,Microsoft's stock market value catches up with Apple,U.S. top court leans towards allowing Apple App Store antitrust suit,U.S. Supreme Court weighs antitrust dispute over Apple App Store,Luxury goods group Kering steps up digital strategy with new Apple deals
ALB,Chile to file arbitration suit against lithium miner Albemarle by Dec. 15,Chile to file arbitration suit against lithium miner Albemarle by Dec 15 - Corfo vp
AMZN,Amazon: Eyes best day in nearly three weeks as Cyber Monday begins,Airbnb hires Amazon veteran as CFO
BA,Airbus delivers first A330neo in Boeing 787 dogfight,Airbus delivers first A330neo in Boeing 787 dogfight
BLK,MOVES-BlackRock names new chief in Asia as it prepares China ramp-up
BMY,Bristol-Myers Squibb says cancer drug combination fails late-stage trial,Bristol-Myers Squibb says cancer drug combination fails maintenance trial
CPB,"RPT-Campbell ends proxy fight with Third Point, adds directors","Campbell ends proxy fight with Third Point, adds directors",Campbell Soup nears deal with Third Point to end board challenge: sources
DIS,"Disney, Fox sued in U.S. for $1 billion over Malaysia theme park"
FOXA,"Disney, Fox sued in U.S. for $1 billion over Malaysia theme park"
GM,"Canada blindsided by GM closure, workers walk out in protest",Thousands moved out for a new GM factory; now it's closing,Trump says GM 'better' add new facility in Ohio after cuts,CANADA FX DEBT-C$ near flat as GM plant closure offsets oil price rally,UPDATE 2-Trump says GM 'better' add new facility in Ohio after cuts,Trump says he does not like GM plan to slash production,Ontario premier says too late to stop GM closure,GM plans major announcement on global operations Monday: Canada union,"GM to cut car production in North America, halt some models -source",General Motors plans to close Canadian assembly plant: TV report,GM to make major announcement about its global operations Monday-union
MCD,McDonald's takes issue with sales plan of Papa Gino's bankrupt parent
MSFT,Microsoft's stock market value catches up with Apple
PAYX,Paychex to buy outsourcing firm Oasis for $1.2 billion,Paychex to buy outsourcing firm Oasis for $1.2 bln
UTX,United Technologies to announce intention to separate into three companies
